Name,CountryCode,Population
Mazar-e-Sharif,AFG,127800
Haag,NLD,440900
Groningen,NLD,172701
Nijmegen,NLD,152463
Arnhem,NLD,138020
Amersfoort,NLD,126270
Haarlemmermeer,NLD,110722
Zwolle,NLD,105819
Alkmaar,NLD,92713
Alger,DZA,2168000
Batna,DZA,183377
Skikda,DZA,128747
Mostaganem,DZA,115212
BÃ©char,DZA,107311
Tafuna,ASM,5200
Luanda,AGO,2022000
Namibe,AGO,118200
Saint JohnÂ´s,ATG,24000
al-Ayn,ARE,225970
La Matanza,ARG,1266461
Quilmes,ARG,559249
Mar del Plata,ARG,512880
General San MartÃ­n,ARG,422542
Santa FÃ©,ARG,353063
Florencio Varela,ARG,315432
Malvinas Argentinas,ARG,290335
San Miguel,ARG,248700
Resistencia,ARG,229212
Posadas,ARG,201273
San Salvador de Jujuy,ARG,178748
San Fernando,ARG,153036
La Rioja,ARG,138117
Mendoza,ARG,123027
Escobar,ARG,116675
Ezeiza,ARG,99578
Yerevan,ARM,1248700
Sydney,AUS,3276207
Perth,AUS,1096829
Newcastle,AUS,270324
Hobart,AUS,126118
Baku,AZE,1787800
MingÃ¤Ã§evir,AZE,93900
Chittagong,BGD,1392860
Narayanganj,BGD,202134
Tungi,BGD,168702
Nawabganj,BGD,130577
Brahmanbaria,BGD,109032
Pabna,BGD,103277
Saidpur,BGD,96777
Antwerpen,BEL,446525
Bruxelles [Brussel],BEL,133859
Namur,BEL,105419
Cotonou,BEN,536827
Parakou,BEN,103577
Santa Cruz de la Sierra,BOL,935361
Cochabamba,BOL,482800
Tarija,BOL,125255
Zenica,BIH,96027
Rio de Janeiro,BRA,5598953
Fortaleza,BRA,2097757
Porto Alegre,BRA,1314032
Guarulhos,BRA,1095874
Nova IguaÃ§u,BRA,862225
Duque de Caxias,BRA,746758
Osasco,BRA,659604
JoÃ£o Pessoa,BRA,584029
UberlÃ¢ndia,BRA,487222
Sorocaba,BRA,466823
Aracaju,BRA,445555
Joinville,BRA,428011
Campos dos Goytacazes,BRA,398418
Olinda,BRA,354732
Moji das Cruzes,BRA,339194
Piracicaba,BRA,319104
Bauru,BRA,313670
Betim,BRA,302108
SÃ£o Vicente,BRA,286848
AnÃ¡polis,BRA,282197
VitÃ³ria,BRA,270626
Foz do IguaÃ§u,BRA,259425
Uberaba,BRA,249225
Blumenau,BRA,244379
Novo Hamburgo,BRA,239940
Cascavel,BRA,237510
TaubatÃ©,BRA,229130
Embu,BRA,222223
Barueri,BRA,208426
Juazeiro,BRA,201073
MagÃ©,BRA,196147
MarÃ­lia,BRA,188691
DivinÃ³polis,BRA,185047
Itabuna,BRA,182148
Americana,BRA,177409
ItaboraÃ­,BRA,173977
AraÃ§atuba,BRA,169303
MarabÃ¡,BRA,167795
Dourados,BRA,164716
MaracanaÃº,BRA,162022
Cachoeiro de Itapemirim,BRA,155024
Cabo de Santo Agostinho,BRA,149964
ChapecÃ³,BRA,144158
Ferraz de Vasconcelos,BRA,139283
SÃ£o Caetano do Sul,BRA,133321
ParnaÃ­ba,BRA,129756
Castanhal,BRA,127634
Uruguaiana,BRA,126305
LuziÃ¢nia,BRA,125597
Moji-GuaÃ§u,BRA,123782
BagÃ©,BRA,120793
Itapetininga,BRA,119391
Queimados,BRA,115020
VitÃ³ria de Santo AntÃ£o,BRA,113595
JaÃº,BRA,109965
Teixeira de Freitas,BRA,108441
Catanduva,BRA,107761
Colatina,BRA,107354
Barretos,BRA,104156
CodÃ³,BRA,103153
Itaituba,BRA,101320
Atibaia,BRA,100356
Passos,BRA,98570
Pinhais,BRA,98198
Angra dos Reis,BRA,96864
Ourinhos,BRA,96291
Birigui,BRA,94685
Bacabal,BRA,93121
Santana do Livramento,BRA,91779
Patos,BRA,90519
Barra do PiraÃ­,BRA,89388
Ãguas Lindas de GoiÃ¡s,BRA,89200
Liverpool,GBR,461000
Manchester,GBR,430000
Coventry,GBR,304000
Belfast,GBR,287500
Stoke-on-Trent,GBR,252000
Swansea,GBR,230000
Dudley,GBR,192171
Sunderland,GBR,183310
Walsall,GBR,174739
Brighton,GBR,156124
Reading,GBR,148000
Huddersfield,GBR,143726
Blackburn,GBR,140000
Stockport,GBR,132813
Watford,GBR,113080
Exeter,GBR,111000
Sutton Coldfield,GBR,106001
Basildon,GBR,100924
Crawley,GBR,97000
Rochdale,GBR,94313
Halifax,GBR,91069
Maidstone,GBR,90878
Douglas,GBR,23487
Sofija,BGR,1122302
Ruse,BGR,166467
Sliven,BGR,105530
Bobo-Dioulasso,BFA,300000
George Town,CYM,19600
ValparaÃ­so,CHL,293800
San Bernardo,CHL,241910
Arica,CHL,189036
Iquique,CHL,177892
Osorno,CHL,141468
Valdivia,CHL,133106
CuricÃ³,CHL,115766
San Pedro de la Paz,CHL,91684
Djibouti,DJI,383000
Santiago de los Caballeros,DOM,365463
San Felipe de Puerto Plata,DOM,89423
Cuenca,ECU,270353
Ambato,ECU,169612
Ibarra,ECU,130643
RÃ­obamba,ECU,123163
Alexandria,EGY,3328196
Suez,EGY,417610
al-Mansura,EGY,369621
Zagazig,EGY,267351
Kafr al-Dawwar,EGY,231978
Bani Suwayf,EGY,172032
Shibin al-Kawm,EGY,159909
Kafr al-Shaykh,EGY,124819
Mit Ghamr,EGY,101801
Jirja,EGY,95400
Disuq,EGY,91300
Soyapango,SLV,129800
Apopa,SLV,88800
Valencia,ESP,739412
MÃ¡laga,ESP,530553
Palma de Mallorca,ESP,326993
Vigo,ESP,283670
Granada,ESP,244767
Santa Cruz de Tenerife,ESP,213050
Elche [Elx],ESP,193174
Jerez de la Frontera,ESP,182660
LeganÃ©s,ESP,173163
Terrassa,ESP,168695
Albacete,ESP,147527
AlcorcÃ³n,ESP,142048
Badajoz,ESP,136613
Santa Coloma de Gramenet,ESP,120802
Ourense (Orense),ESP,109120
Marbella,ESP,101144
TorrejÃ³n de Ardoz,ESP,92262
Johannesburg,ZAF,756653
Durban,ZAF,566120
Alberton,ZAF,410102
Randburg,ZAF,341288
Vereeniging,ZAF,328535
Klerksdorp,ZAF,261911
East London,ZAF,221047
Chatsworth,ZAF,189885
Botshabelo,ZAF,177971
Germiston,ZAF,164252
Randfontein,ZAF,120838
Nigel,ZAF,96734
Addis Abeba,ETH,2495000
Dese,ETH,97314
Stanley,FLK,1636
Kalookan,PHL,1177604
Zamboanga,PHL,601794
Antipolo,PHL,470866
ParaÃ±aque,PHL,449811
Marikina,PHL,391170
Iloilo,PHL,365820
Bacoor,PHL,305699
Mandaluyong,PHL,278474
Mandaue,PHL,259728
Cainta,PHL,242511
San Fernando,PHL,221857
San Pablo,PHL,207927
Imus,PHL,195482
Santa Rosa,PHL,185633
Mabalacat,PHL,171045
Puerto Princesa,PHL,161912
San Carlos,PHL,154264
Valencia,PHL,147924
Cadiz,PHL,141954
Naga,PHL,137810
Marawi,PHL,131090
Roxas,PHL,126352
Malaybalay,PHL,123672
Baliuag,PHL,119675
Tanauan,PHL,117539
Sariaya,PHL,114568
Hagonoy,PHL,111425
Santiago,PHL,110531
San Jose,PHL,108254
Tabaco,PHL,107166
Midsayap,PHL,105760
Dumaguete,PHL,102265
Kidapawan,PHL,101205
Malita,PHL,100000
Bislig,PHL,97860
Bayambang,PHL,96609
Sultan Kudarat,PHL,94861
Malungon,PHL,93232
Ligao,PHL,90603
Serekunda,GMB,102600
Rustavi,GEO,155400
Accra,GHA,1070000
Sekondi-Takoradi,GHA,103653
Nuuk,GRL,13445
AgaÃ±a,GUM,1139
Villa Nueva,GTM,101295
Georgetown,GUY,254000
Delmas,HTI,240429
La Ceiba,HND,89200
Longyearbyen,SJM,1438
Medan,IDN,1843919
Semarang,IDN,1104405
Bekasi,IDN,644300
Banjarmasin,IDN,482931
Pontianak,IDN,409632
Depok,IDN,365200
Mataram,IDN,306600
Bogor,IDN,285114
Kediri,IDN,253760
Cilacap,IDN,206900
Ciomas,IDN,187400
Bengkulu,IDN,146439
Pasuruan,IDN,134019
Percut Sei Tuan,IDN,129000
Pangkal Pinang,IDN,124000
Serang,IDN,122400
Ciparay,IDN,111500
Depok,IDN,106800
Salatiga,IDN,103000
Mojokerto,IDN,96626
Kendari,IDN,94800
Majalaya,IDN,93200
Batam,IDN,91871
Banyuwangi,IDN,89900
Calcutta [Kolkata],IND,4399819
Ahmedabad,IND,2876710
Lucknow,IND,1619115
Jaipur,IND,1458483
Vadodara (Baroda),IND,1031346
Haora (Howrah),IND,950435
Agra,IND,891790
Allahabad,IND,792858
Amritsar,IND,708835
Gwalior,IND,690765
Solapur (Sholapur),IND,604215
Guwahati (Gauhati),IND,584342
Kota,IND,537371
Jalandhar (Jullundur),IND,509510
Aligarh,IND,480520
Ghaziabad,IND,454156
Durgapur,IND,425836
Bikaner,IND,416289
Ajmer,IND,402700
Bhilai,IND,386159
Salem,IND,366712
Jamnagar,IND,341637
Rajahmundry,IND,324851
New Bombay,IND,307297
Jhansi,IND,300850
Dhule (Dhulia),IND,278317
Dehra Dun,IND,270159
Asansol,IND,262188
Rampur,IND,243742
Nizamabad,IND,241034
Kurnool,IND,236800
South Dum Dum,IND,232811
Darbhanga,IND,218391
Ambattur,IND,215424
Jammu,IND,214737
Brahmapur,IND,210418
Bihar Sharif,IND,201323
Latur,IND,197408
Parbhani,IND,190255
Kukatpalle,IND,185378
Avadi,IND,183215
Bilaspur,IND,179833
Vellore,IND,175061
Anantapur,IND,174924
Burhanpur,IND,172710
Mirzapur-cum-Vindhyachal,IND,169336
Murwara (Katni),IND,163431
Erode,IND,159232
Agartala,IND,157358
Lalbahadur Nagar,IND,155500
Cuddalore,IND,153086
Raiganj,IND,151045
Kanchipuram,IND,150100
Bharatpur,IND,148519
Morena,IND,147124
Bhusawal,IND,145143
Tenali,IND,143726
Kumbakonam,IND,139483
Serampore,IND,137028
Maunath Bhanjan,IND,136697
Bahraich,IND,135400
Chittoor,IND,133462
Shillong,IND,131719
Rae Bareli,IND,129904
Bulandshahr,IND,127201
Midnapore (Medinipur),IND,125498
Puri,IND,125199
Korba,IND,124501
Gandhinagar,IND,123359
Hoshiarpur,IND,122705
Cuddapah,IND,121463
Chandannagar,IND,120378
Balurghat,IND,119796
Mahbubnagar,IND,116833
Berhampore (Baharampur),IND,115144
Rajapalaiyam,IND,114202
Bhir (Bid),IND,112434
Mango,IND,110024
Tiruvannamalai,IND,109196
Moga,IND,108304
Unnao,IND,107425
Abohar,IND,107163
Surendranagar,IND,105973
Hindupur,IND,104651
Wardha,IND,102985
Modinagar,IND,101660
Ongole,IND,100836
Haldia,IND,100347
Champdani,IND,98818
Sasaram,IND,98220
Godhra,IND,96813
Achalpur,IND,96216
Satara,IND,95133
Delhi Cantonment,IND,94326
Kanpur Cantonment,IND,93109
Purulia,IND,92574
Morvi,IND,90357
Baghdad,IRQ,4336000
Basra,IRQ,406296
Karbala,IRQ,296705
al-Diwaniya,IRQ,196519
Baquba,IRQ,114516
Tabriz,IRN,1191043
Ahvaz,IRN,804980
Zahedan,IRN,419518
Kerman,IRN,384991
Qazvin,IRN,291117
Bandar-e-Abbas,IRN,273578
Abadan,IRN,206073
Sari,IRN,195882
Khomeynishahr,IRN,165888
Babol,IRN,158346
Qaemshahr,IRN,143286
Sirjan,IRN,135024
Ilam,IRN,126346
Saqqez,IRN,115394
Varamin,IRN,107233
Shahrud,IRN,104765
Bandar-e Anzali,IRN,98500
Torbat-e Heydariyeh,IRN,94600
Qomsheh,IRN,89800
ReykjavÃ­k,ISL,109184
Rishon Le Ziyyon,ISR,188200
Petah Tiqwa,ISR,159400
Bene Beraq,ISR,133900
Rehovot,ISR,90300
Torino,ITA,903705
Bologna,ITA,381161
Venezia,ITA,277305
Trieste,ITA,216459
Reggio di Calabria,ITA,179617
Parma,ITA,168717
Foggia,ITA,154891
Ravenna,ITA,138418
Sassari,ITA,120803
Pescara,ITA,115698
ForlÃ¬,ITA,107475
Piacenza,ITA,98384
Catanzaro,ITA,96700
Torre del Greco,ITA,94505
Pisa,ITA,92379
Alessandria,ITA,90289
Wien,AUT,1608144
Salzburg,AUT,144247
Kingston,JAM,103962
Jokohama [Yokohama],JPN,3339594
Kioto,JPN,1461974
Kawasaki,JPN,1217359
Chiba,JPN,863930
Okayama,JPN,624269
Funabashi,JPN,545299
Niigata,JPN,497464
Urawa,JPN,469675
Kanazawa,JPN,455386
Utsunomiya,JPN,440353
Yokosuka,JPN,430200
Nishinomiya,JPN,397618
Fukuyama,JPN,376921
Nara,JPN,362812
Nagano,JPN,361391
Takamatsu,JPN,332471
Kawagoe,JPN,327211
Kashiwa,JPN,320296
Koshigaya,JPN,301446
Akashi,JPN,292253
Morioka,JPN,287353
Ichihara,JPN,279280
Tokushima,JPN,269649
Shimonoseki,JPN,257263
Hiratsuka,JPN,254207
Takasaki,JPN,239124
Fuji,JPN,231527
Atsugi,JPN,212407
Yamato,JPN,208234
Kasukabe,JPN,201838
Kofu,JPN,199753
Nagaoka,JPN,192407
Suzuka,JPN,184061
Takaoka,JPN,174380
Saga,JPN,170034
Izumi,JPN,166979
Ashikaga,JPN,165243
Tsukuba,JPN,160768
Moriguchi,JPN,155941
Oyama,JPN,152820
Kawanishi,JPN,149794
Tottori,JPN,147523
Ota,JPN,145317
Kadoma,JPN,138953
Yonago,JPN,136461
Joetsu,JPN,133505
Kakamigahara,JPN,131831
Urayasu,JPN,127550
Minoo,JPN,127026
Tondabayashi,JPN,125094
Matsusaka,JPN,123582
Noda,JPN,121030
Kawachinagano,JPN,119666
Habikino,JPN,118968
Kiryu,JPN,118326
Ebina,JPN,115571
Ikoma,JPN,111645
Mishima,JPN,109699
Komatsu,JPN,107937
Kokubunji,JPN,106996
Kusatsu,JPN,106232
Toda,JPN,103969
Fukaya,JPN,102156
Kamagaya,JPN,100821
Nishio,JPN,100032
Isehara,JPN,98123
Urasoe,JPN,96002
Maizuru,JPN,94784
Kimitsu,JPN,93216
Kameoka,JPN,92398
Kashiwazaki,JPN,91229
Taizz,YEM,317600
Ibb,YEM,103300
al-Rusayfa,JOR,137247
Beograd,YUG,1204000
Kragujevac,YUG,147305
Prizren,YUG,92303
Douala,CMR,1448300
Maroua,CMR,143000
MontrÃ©al,CAN,1016376
North York,CAN,622632
Scarborough,CAN,594501
London,CAN,339917
Surrey,CAN,304477
Saskatoon,CAN,193647
Burnaby,CAN,179209
Richmond,CAN,148867
Oakville,CAN,139192
Richmond Hill,CAN,116428
East York,CAN,114034
Gloucester,CAN,107314
Coquitlam,CAN,101820
Delta,CAN,95411
Praia,CPV,94800
Shymkent,KAZ,360100
Pavlodar,KAZ,300500
Qostanay,KAZ,221400
Qyzylorda,KAZ,157400
Ekibastuz,KAZ,127200
Zhezqazghan,KAZ,90000
Kisumu,KEN,192733
Meru,KEN,94947
Shanghai,CHN,9696300
Wuhan,CHN,4344600
Kanton [Guangzhou],CHN,4256300
XiÂ´an,CHN,2761400
Jinan,CHN,2278100
Taiyuan,CHN,1968400
Nanchang,CHN,1691600
Ningbo,CHN,1371200
Anshan,CHN,1200000
Qiqihar,CHN,1070000
Baotou,CHN,980000
Wuxi,CHN,830000
Yichun,CHN,800000
Xining,CHN,700200
Daqing,CHN,660000
Shantou,CHN,580000
Yinchuan,CHN,544500
Hegang,CHN,520000
Liaoyang,CHN,492559
Xinxiang,CHN,473762
Yantai,CHN,452127
Wuhu,CHN,425740
Anyang,CHN,420332
Zhuzhou,CHN,409924
Zhangjiang,CHN,400997
Yakeshi,CHN,377869
Huaibei,CHN,366549
Panjin,CHN,362773
Liaoyuan,CHN,354141
Chifeng,CHN,350077
Leshan,CHN,341128
Siping,CHN,317223
Chaozhou,CHN,313469
Foshan,CHN,303160
Changde,CHN,301276
Dongying,CHN,281728
Jingdezhen,CHN,281183
Tieli,CHN,265683
Mianyang,CHN,262947
Neijiang,CHN,256012
Wafangdian,CHN,251733
Chengde,CHN,246799
Cangzhou,CHN,242708
Yanji,CHN,230892
Suihua,CHN,227881
Ganzhou,CHN,220129
Shangzi,CHN,215373
Jiangyin,CHN,213659
Wuzhou,CHN,210452
Haicheng,CHN,205560
BeiÂ´an,CHN,204899
Acheng,CHN,197595
Zhaoqing,CHN,194784
Xinyang,CHN,192509
Honghu,CHN,190772
Linfen,CHN,187309
Quanzhou,CHN,185154
Changshu,CHN,181805
Nanchong,CHN,180273
Fuyang,CHN,179572
Ghulja,CHN,177193
Jiangyou,CHN,175753
Fuling,CHN,173878
Chenzhou,CHN,169400
Zhuhai,CHN,164747
Xiaoshan,CHN,162930
Hami,CHN,161315
Ulanhot,CHN,159538
RuiÂ´an,CHN,156468
Taizhou,CHN,152442
Taonan,CHN,150168
Langfang,CHN,148105
Yulin,CHN,144467
Suizhou,CHN,142302
Longjing,CHN,139417
Xianning,CHN,136811
Jincheng,CHN,136396
Hailun,CHN,133565
Wuwei,CHN,133101
Changji,CHN,132260
Tiefa,CHN,131807
Weihai,CHN,128888
Qidong,CHN,126872
Kaiyuan,CHN,124219
Laohekou,CHN,123366
Jiaonan,CHN,121397
Manzhouli,CHN,120023
Puqi,CHN,117264
Renqiu,CHN,114256
YanÂ´an,CHN,113277
Quzhou,CHN,112373
Yizheng,CHN,109268
Yuncheng,CHN,108359
Bozhou,CHN,106346
Suqian,CHN,105021
Fujin,CHN,103104
Huangshan,CHN,102628
Haining,CHN,100478
Xinzhou,CHN,98667
YaÂ´an,CHN,95900
Enshi,CHN,93056
Tumen,CHN,91471
Xilin Hot,CHN,90646
Pingyi,CHN,89373
Osh,KGZ,222700
Cali,COL,2077386
Cartagena,COL,805757
Pereira,COL,381725
Bello,COL,333470
Armenia,COL,288977
Valledupar,COL,263247
Buenaventura,COL,224336
PopayÃ¡n,COL,200719
Envigado,COL,135848
Buga,COL,110699
Sogamoso,COL,107728
Brazzaville,COG,950000
Mbuji-Mayi,COD,806475
Kananga,COD,393030
Tshikapa,COD,180860
Mwene-Ditu,COD,137459
Goma,COD,109094
West Island,CCK,167
Nampo,PRK,566200
Phyongsong,PRK,272934
Kimchaek,PRK,179000
Seoul,KOR,9981619
Taejon,KOR,1425835
Songnam,KOR,869094
Chonju,KOR,563153
Ansan,KOR,510314
Kwangmyong,KOR,350914
Iksan,KOR,322685
Kyongju,KOR,272968
Kimhae,KOR,256370
Wonju,KOR,237460
Namyangju,KOR,229060
Yosu,KOR,183596
Yangsan,KOR,163351
Kimchon,KOR,147027
Chong-up,KOR,139111
Tong-yong,KOR,131717
Chinhae,KOR,125997
Miryang,KOR,121501
Yongchon,KOR,113511
Namwon,KOR,103544
Athenai,GRC,772072
Peristerion,GRC,137288
Larisa,GRC,113090
Osijek,HRV,104761
CamagÃ¼ey,CUB,298726
Pinar del RÃ­o,CUB,142100
Victoria de las Tunas,CUB,132350
Ciego de Ãvila,CUB,98505
Kuwait,KWT,28859
Savannakhet,LAO,96652
Liepaja,LVA,89439
Monrovia,LBR,850000
Misrata,LBY,121669
Vilnius,LTU,577969
Å iauliai,LTU,146563
Macao,MAC,437500
AntsirabÃ©,MDG,120239
Blantyre,MWI,478155
Kuala Lumpur,MYS,1297526
Kelang,MYS,243355
Kota Bharu,MYS,219582
Kuching,MYS,148059
Alor Setar,MYS,124412
Bamako,MLI,809552
Casablanca,MAR,2940623
Tanger,MAR,521735
Oujda,MAR,365382
Agadir,MAR,155244
Beni-Mellal,MAR,140212
Ksar el Kebir,MAR,107065
El Araich,MAR,90400
NouÃ¢dhibou,MRT,97600
Vacoas-Phoenix,MUS,98464
Ecatepec de Morelos,MEX,1620303
JuÃ¡rez,MEX,1217818
Zapopan,MEX,1002239
CuliacÃ¡n,MEX,744859
Chihuahua,MEX,670208
Toluca,MEX,665617
Hermosillo,MEX,608697
Centro (Villahermosa),MEX,519873
Tlaquepaque,MEX,475472
CuautitlÃ¡n Izcalli,MEX,452976
Reynosa,MEX,419776
Xalapa,MEX,390058
Ahome,MEX,358663
TonalÃ¡,MEX,336109
Tampico,MEX,294789
Guasave,MEX,277201
Coatzacoalcos,MEX,267037
Oaxaca de JuÃ¡rez,MEX,256848
Salamanca,MEX,226864
Chalco,MEX,222201
OthÃ³n P. Blanco (Chetumal),MEX,208014
Metepec,MEX,194265
Puerto Vallarta,MEX,183741
Soledad de Graciano SÃ¡nchez,MEX,179956
TecÃ¡mac,MEX,172410
LÃ¡zaro CÃ¡rdenas,MEX,170878
Zamora,MEX,161191
Cuautla,MEX,153132
Navolato,MEX,145396
San AndrÃ©s Tuxtla,MEX,142251
Boca del RÃ­o,MEX,135721
Macuspana,MEX,133795
Guaymas,MEX,130108
Lagos de Moreno,MEX,127949
San Pedro Garza GarcÃ­a,MEX,126147
Iguala de la Independencia,MEX,123883
Zinacantepec,MEX,121715
MartÃ­nez de la Torre,MEX,118815
Delicias,MEX,116132
Lerdo,MEX,112272
Guadalupe,MEX,108881
Los Cabos,MEX,105199
Temapache,MEX,102824
San Francisco del RincÃ³n,MEX,100149
Lerma,MEX,99714
Cosoleacaque,MEX,97199
San Felipe,MEX,95305
Salvatierra,MEX,94322
PÃ¡nuco,MEX,90551
Weno,FSM,22000
Balti,MDA,153400
Monaco-Ville,MCO,1234
Matola,MOZ,424662
Chimoio,MOZ,171056
Tete,MOZ,101984
Maxixe,MOZ,93985
Pegu (Bago),MMR,190900
Sittwe (Akyab),MMR,137600
Lashio (Lasho),MMR,107600
Myingyan,MMR,103600
Yangor,NRU,4050
Biratnagar,NPL,157764
Managua,NIC,959000
Masaya,NIC,88971
Lagos,NGA,1518000
Kano,NGA,674100
Port Harcourt,NGA,410000
Onitsha,NGA,371900
Kaduna,NGA,342200
Enugu,NGA,316100
Ila,NGA,264000
Benin City,NGA,229400
Sokoto,NGA,204900
Ikorodu,NGA,184900
Shaki,NGA,174500
Akure,NGA,162300
Kumo,NGA,148000
Ikare,NGA,140800
Warri,NGA,126100
Makurdi,NGA,123100
Awka,NGA,111200
Ejigbo,NGA,105900
Epe,NGA,101000
Oslo,NOR,508726
BÃ¦rum,NOR,101340
Yamoussoukro,CIV,130000
Salala,OMN,131813
Masqat,OMN,51969
Rawalpindi,PAK,1406214
Gujranwala,PAK,1124749
Sargodha,PAK,455360
Sukkur,PAK,329176
Gujrat,PAK,250121
Rahim Yar Khan,PAK,228479
Dera Ghazi Khan,PAK,188100
Mingora,PAK,174500
Jhelum,PAK,145800
Shikarpur,PAK,133300
Muzaffargarh,PAK,121600
Bahawalnagar,PAK,109600
Tando Adam,PAK,103400
Chishtian Mandi,PAK,101700
Ahmadpur East,PAK,96000
Vihari,PAK,92300
Koror,PLW,12000
Port Moresby,PNG,247000
LambarÃ©,PRY,99681
Arequipa,PER,762000
Iquitos,PER,367000
Piura,PER,325000
Ica,PER,194820
HuÃ¡nuco,PER,129688
Puno,PER,101578
Adamstown,PCN,42
Amadora,PRT,122106
San Juan,PRI,434374
Caguas,PRI,140502
MayagÃ¼ez,PRI,98434
KrakÃ³w,POL,738150
Gdansk,POL,458988
Katowice,POL,345934
Gdynia,POL,253521
Gliwice,POL,212164
Zabrze,POL,200177
Ruda Slaska,POL,159665
Tychy,POL,133178
Opole,POL,129553
ChorzÃ³w,POL,121708
Legnica,POL,109335
Slupsk,POL,102370
Malabo,GNQ,40000
Marseille,FRA,798430
Nantes,FRA,270251
Bordeaux,FRA,215363
Lille,FRA,184657
Grenoble,FRA,153317
Le Mans,FRA,146105
Aix-en-Provence,FRA,134222
Villeurbanne,FRA,124215
Caen,FRA,113987
Boulogne-Billancourt,FRA,106367
Roubaix,FRA,96984
Cayenne,GUF,50699
Saint-Denis,REU,131480
Cluj-Napoca,ROM,332498
Brasov,ROM,314225
Oradea,ROM,222239
Arad,ROM,184408
Buzau,ROM,148372
Piatra Neamt,ROM,125070
TÃ¢rgoviste,ROM,98980
Tulcea,ROM,96278
Gothenburg [GÃ¶teborg],SWE,466990
LinkÃ¶ping,SWE,133168
Helsingborg,SWE,117737
Lund,SWE,98948
Jamestown,SHN,1500
Kingstown,VCT,17100
Munich [MÃ¼nchen],DEU,1194560
Essen,DEU,599515
Bremen,DEU,540330
Leipzig,DEU,489532
Wuppertal,DEU,368993
Bonn,DEU,301048
MÃ¼nster,DEU,264670
Augsburg,DEU,254867
Krefeld,DEU,241769
Oberhausen,DEU,222349
Freiburg im Breisgau,DEU,202455
SaarbrÃ¼cken,DEU,183836
MÃ¼lheim an der Ruhr,DEU,173895
Ludwigshafen am Rhein,DEU,163771
Heidelberg,DEU,139672
Potsdam,DEU,128983
GÃ¶ttingen,DEU,124775
Bottrop,DEU,121097
Offenbach am Main,DEU,116627
Gera,DEU,114718
FÃ¼rth,DEU,109771
Moers,DEU,106837
Witten,DEU,103384
Kaiserslautern,DEU,100025
GÃ¼tersloh,DEU,95028
DÃ¼ren,DEU,91092
Honiara,SLB,50100
Kitwe,ZMB,288600
Luanshya,ZMB,118100
San Marino,SMR,2294
Mekka,SAU,965700
al-Taif,SAU,416100
al-Mubarraz,SAU,219100
al-Kharj,SAU,152100
al-Tuqba,SAU,125700
AraÂ´ar,SAU,108100
Najran,SAU,91000
ThiÃ¨s,SEN,248000
Saint-Louis,SEN,132400
Victoria,SYC,41000
KoÅ¡ice,SVK,241874
Maribor,SVN,115532
Colombo,LKA,645000
Jaffna,LKA,149000
Omdurman,SDN,1271403
Port Sudan,SDN,308195
Wad Madani,SDN,211362
al-Fashir,SDN,141884
Tampere,FIN,195468
Oulu,FIN,120753
ZÃ¼rich,CHE,336800
Bern,CHE,122700
Hims,SYR,507404
al-Qamishliya,SYR,144286
al-Raqqa,SYR,108020
Khujand,TJK,161500
Tainan,TWN,728060
Keelung (Chilung),TWN,385201
Chungli,TWN,318649
Chiayi,TWN,265109
Tucheng,TWN,224897
Pingchen,TWN,188344
Fengyuan,TWN,161032
Shulin,TWN,151260
Kueishan,TWN,112195
Hualien,TWN,108407
Tsaotun,TWN,96800
Miaoli,TWN,90000
Zanzibar,TZA,157634
Morogoro,TZA,117800
KÃ¸benhavn,DNK,495699
Aalborg,DNK,161161
Nakhon Ratchasima,THA,181400
Hat Yai,THA,148632
Ubon Ratchathani,THA,116300
LomÃ©,TGO,375000
Port-of-Spain,TTO,43396
Praha,CZE,1181126
Olomouc,CZE,102702
Hradec KrÃ¡lovÃ©,CZE,98080
Sfax,TUN,257800
Sousse,TUN,145900
Istanbul,TUR,8787958
Adana,TUR,1131198
Mersin (IÃ§el),TUR,587212
Kayseri,TUR,475657
Malatya,TUR,330312
Sivas,TUR,246642
ElÃ¢zig,TUR,228815
Izmit (Kocaeli),TUR,210068
Sakarya (Adapazari),TUR,190641
Ã‡orum,TUR,145495
Adiyaman,TUR,141529
Aydin,TUR,128651
Isparta,TUR,121911
Alanya,TUR,117300
Viransehir,TUR,106400
Afyon,TUR,103984
Bismil,TUR,101400
Kars,TUR,93000
ChÃ¤rjew,TKM,189200
Cockburn Town,TCA,4800
Harkova [Harkiv],UKR,1500000
Odesa,UKR,1011000
Mykolajiv,UKR,508000
Vinnytsja,UKR,391000
Simferopol,UKR,339000
TÅ¡erkasy,UKR,309000
Dniprodzerzynsk,UKR,270000
TÅ¡ernivtsi,UKR,259000
Ternopil,UKR,236000
Kramatorsk,UKR,186000
Berdjansk,UKR,130000
Slovjansk,UKR,127000
Jevpatorija,UKR,112000
Krasnyi LutÅ¡,UKR,101000
Kostjantynivka,UKR,95000
Å ostka,UKR,90000
Budapest,HUN,1811552
Szeged,HUN,158158
KecskemÃ©t,HUN,105606
NoumÃ©a,NCL,76293
North Shore,NZL,187700
Dunedin,NZL,119600
Kabul,AFG,1780000
Qandahar,AFG,237500
Amsterdam,NLD,731200
Utrecht,NLD,234323
Eindhoven,NLD,201843
Breda,NLD,160398
Enschede,NLD,149544
Haarlem,NLD,148772
Zaanstad,NLD,135621
Maastricht,NLD,122087
Dordrecht,NLD,119811
Zoetermeer,NLD,110214
Ede,NLD,101574
Delft,NLD,95268
Willemstad,ANT,2345
Oran,DZA,609823
Constantine,DZA,443727
SÃ©tif,DZA,179055
Biskra,DZA,128281
Blida (el-Boulaida),DZA,127284
TÃ©bessa,DZA,112007
Tiaret,DZA,100118
Ech-Chleff (el-Asnam),DZA,96794
Fagatogo,ASM,2323
Huambo,AGO,163100
Lobito,AGO,130000
South Hill,AIA,961
Dubai,ARE,669181
Abu Dhabi,ARE,398695
Ajman,ARE,114395
CÃ³rdoba,ARG,1157507
Rosario,ARG,907718
Almirante Brown,ARG,538918
San Miguel de TucumÃ¡n,ARG,470809
LanÃºs,ARG,469735
Salta,ARG,367550
Avellaneda,ARG,353046
Tres de Febrero,ARG,352311
San Isidro,ARG,306341
Vicente LÃ³pez,ARG,288341
Berazategui,ARG,276916
BahÃ­a Blanca,ARG,239810
JosÃ© C. Paz,ARG,221754
ParanÃ¡,ARG,207041
GuaymallÃ©n,ARG,200595
Hurlingham,ARG,170028
NeuquÃ©n,ARG,167296
Formosa,ARG,147636
San Fernando del Valle de Cata,ARG,134935
RÃ­o Cuarto,ARG,134355
San NicolÃ¡s de los Arroyos,ARG,119302
Concordia,ARG,116485
Pilar,ARG,113428
San Rafael,ARG,94651
Gjumri,ARM,211700
Vanadzor,ARM,172700
Melbourne,AUS,2865329
Adelaide,AUS,978100
Canberra,AUS,322723
Central Coast,AUS,227657
Geelong,AUS,125382
Townsville,AUS,109914
GÃ¤ncÃ¤,AZE,299300
Nassau,BHS,172000
al-Manama,BHR,148000
Khulna,BGD,663340
Rangpur,BGD,191398
Mymensingh,BGD,188713
Jessore,BGD,139710
Dinajpur,BGD,127815
Bogra,BGD,120170
Tangail,BGD,106004
Naogaon,BGD,101266
Sirajganj,BGD,99669
Gazipur,BGD,96717
Gent,BEL,224180
Charleroi,BEL,200827
Brugge,BEL,116246
Mons,BEL,90935
Belize City,BLZ,55810
Porto-Novo,BEN,194000
Saint George,BMU,1800
Hamilton,BMU,1200
La Paz,BOL,758141
Oruro,BOL,223553
Sucre,BOL,178426
Sarajevo,BIH,360000
Gaborone,BWA,213017
Francistown,BWA,101805
Salvador,BRA,2302832
BrasÃ­lia,BRA,1969868
Curitiba,BRA,1584232
Manaus,BRA,1255049
GoiÃ¢nia,BRA,1056330
Campinas,BRA,950043
SÃ£o LuÃ­s,BRA,837588
SÃ£o Bernardo do Campo,BRA,723132
Teresina,BRA,691942
Campo Grande,BRA,649593
JaboatÃ£o dos Guararapes,BRA,558680
Contagem,BRA,520801
Feira de Santana,BRA,479992
NiterÃ³i,BRA,459884
CuiabÃ¡,BRA,453813
SÃ£o JoÃ£o de Meriti,BRA,440052
Belford Roxo,BRA,425194
Santos,BRA,408748
MauÃ¡,BRA,375055
Campina Grande,BRA,352497
SÃ£o JosÃ© do Rio Preto,BRA,351944
Diadema,BRA,335078
Cariacica,BRA,319033
Vila Velha,BRA,318758
Porto Velho,BRA,309750
JundÃ­aÃ­,BRA,296127
Canoas,BRA,294125
MaringÃ¡,BRA,286461
FlorianÃ³polis,BRA,281928
PetrÃ³polis,BRA,279183
Ponta Grossa,BRA,268013
MacapÃ¡,BRA,256033
IlhÃ©us,BRA,254970
Paulista,BRA,248473
Caruaru,BRA,244247
SantarÃ©m,BRA,241771
Caucaia,BRA,238738
GuarujÃ¡,BRA,237206
RibeirÃ£o das Neves,BRA,232685
Imperatriz,BRA,224564
MossorÃ³,BRA,214901
VÃ¡rzea Grande,BRA,214435
ViamÃ£o,BRA,207557
Juazeiro do Norte,BRA,199636
TaboÃ£o da Serra,BRA,197550
Suzano,BRA,195434
SÃ£o Carlos,BRA,187122
SumarÃ©,BRA,186205
Sete Lagoas,BRA,182984
JequiÃ©,BRA,179128
Arapiraca,BRA,178988
Alvorada,BRA,175574
Santa BÃ¡rbara dÂ´Oeste,BRA,171657
Nova Friburgo,BRA,170697
Barra Mansa,BRA,168953
CriciÃºma,BRA,167661
Boa Vista,BRA,167185
Santa Luzia,BRA,164704
Guarapuava,BRA,160510
RondonÃ³polis,BRA,155115
NilÃ³polis,BRA,153383
CamaÃ§ari,BRA,149146
Sobral,BRA,146005
Cotia,BRA,140042
Indaiatuba,BRA,135968
HortolÃ¢ndia,BRA,135755
Itu,BRA,132736
PoÃ§os de Caldas,BRA,129683
TeresÃ³polis,BRA,128079
Alagoinhas,BRA,126820
ParanaguÃ¡,BRA,126076
IbiritÃ©,BRA,125982
MacaÃ©,BRA,125597
Palmas,BRA,121919
Pindamonhangaba,BRA,121904
Sapucaia do Sul,BRA,120217
Patos de Minas,BRA,119262
Camaragibe,BRA,118968
AraguaÃ­na,BRA,114948
Santa Rita,BRA,113135
Barbacena,BRA,113079
Lauro de Freitas,BRA,109236
Varginha,BRA,108314
RibeirÃ£o Pires,BRA,108121
Rio Verde,BRA,107755
Santa Cruz do Sul,BRA,106734
Linhares,BRA,106278
GuaratinguetÃ¡,BRA,103433
JaraguÃ¡ do Sul,BRA,102580
CubatÃ£o,BRA,102372
Araras,BRA,101046
Pouso Alegre,BRA,100028
Toledo,BRA,99387
Araguari,BRA,98399
SertÃ£ozinho,BRA,98140
Conselheiro Lafaiete,BRA,97507
EunÃ¡polis,BRA,96610
Parnamirim,BRA,96210
Jacobina,BRA,96131
TatuÃ­,BRA,93897
CametÃ¡,BRA,92779
GuaÃ­ba,BRA,92224
Votorantim,BRA,91777
Ituiutaba,BRA,90507
CorumbÃ¡,BRA,90111
Bento GonÃ§alves,BRA,89254
London,GBR,7285000
Birmingham,GBR,1013000
Edinburgh,GBR,450180
Leeds,GBR,424194
Bristol,GBR,402000
Leicester,GBR,294000
Nottingham,GBR,287000
Kingston upon Hull,GBR,262000
Wolverhampton,GBR,242000
Southampton,GBR,216000
Aberdeen,GBR,213070
Portsmouth,GBR,190000
Luton,GBR,183000
Swindon,GBR,180000
Bournemouth,GBR,162000
Blackpool,GBR,151000
Dundee,GBR,146690
Oldbury/Smethwick (Warley),GBR,145542
Oxford,GBR,144000
Poole,GBR,141000
Newport,GBR,139000
Norwich,GBR,124000
Rotherham,GBR,121380
Ipswich,GBR,114000
Cheltenham,GBR,106000
Gloucester,GBR,107000
York,GBR,104425
Worthing,GBR,100000
Chelmsford,GBR,97451
Gillingham,GBR,92000
Birkenhead,GBR,93087
Worcester,GBR,95000
Woking/Byfleet,GBR,92000
Eastbourne,GBR,90000
Grimsby,GBR,89000
Road Town,VGB,8000
Plovdiv,BGR,342584
Varna,BGR,299801
Stara Zagora,BGR,147939
Dobric,BGR,100399
Å umen,BGR,94686
Koudougou,BFA,105000
Santiago de Chile,CHL,4703954
Puente Alto,CHL,386236
Talcahuano,CHL,277752
Temuco,CHL,233041
ConcepciÃ³n,CHL,217664
Talca,CHL,187557
Los Angeles,CHL,158215
Puerto Montt,CHL,152194
La Serena,CHL,137409
Punta Arenas,CHL,125631
CopiapÃ³,CHL,120128
Ovalle,CHL,94854
Melipilla,CHL,91056
Avarua,COK,11900
Roseau,DMA,16243
La Romana,DOM,140204
San Pedro de MacorÃ­s,DOM,124735
Guayaquil,ECU,2070040
Machala,ECU,210368
Santo Domingo de los Colorados,ECU,202111
Manta,ECU,164739
Quevedo,ECU,129631
Milagro,ECU,124177
Esmeraldas,ECU,123045
Giza,EGY,2221868
Shubra al-Khayma,EGY,870716
al-Mahallat al-Kubra,EGY,395402
Luxor,EGY,360503
Asyut,EGY,343498
al-Faiyum,EGY,260964
Assuan,EGY,219017
Damanhur,EGY,212203
Qina,EGY,171275
Bulaq al-Dakrur,EGY,148787
Banha,EGY,145792
Mallawi,EGY,119283
al-Arish,EGY,100447
Talkha,EGY,97700
Idfu,EGY,94200
San Salvador,SLV,415346
Santa Ana,SLV,139389
San Miguel,SLV,127696
Asmara,ERI,431000
Madrid,ESP,2879052
Sevilla,ESP,701927
Bilbao,ESP,357589
Las Palmas de Gran Canaria,ESP,354757
Valladolid,ESP,319998
Alicante [Alacant],ESP,272432
GijÃ³n,ESP,267980
A CoruÃ±a (La CoruÃ±a),ESP,243402
Badalona,ESP,209635
Oviedo,ESP,200453
Sabadell,ESP,184859
Pamplona [IruÃ±a],ESP,180483
Donostia-San SebastiÃ¡n,ESP,179208
Fuenlabrada,ESP,171173
AlcalÃ¡ de Henares,ESP,164463
Burgos,ESP,162802
Getafe,ESP,145371
Huelva,ESP,140583
LeÃ³n,ESP,139809
[San CristÃ³bal de] la Laguna,ESP,127945
Tarragona,ESP,113016
Lleida (LÃ©rida),ESP,112207
MatarÃ³,ESP,104095
Barakaldo,ESP,98212
Dos Hermanas,ESP,94591
Cape Town,ZAF,2352121
Port Elizabeth,ZAF,752319
Pretoria,ZAF,658630
Vanderbijlpark,ZAF,468931
Pinetown,ZAF,378810
Pietermaritzburg,ZAF,370190
Umlazi,ZAF,339233
Wonderboom,ZAF,283289
Roodepoort,ZAF,279340
Soshanguve,ZAF,242727
Welkom,ZAF,203296
Kimberley,ZAF,197254
Mdantsane,ZAF,182639
Brakpan,ZAF,171363
Witbank,ZAF,167183
Springs,ZAF,162072
Paarl,ZAF,105768
Potchefstroom,ZAF,101817
George,ZAF,93818
Dire Dawa,ETH,164851
Nazret,ETH,127842
Mekele,ETH,96938
Suva,FJI,77366
Quezon,PHL,2173831
Davao,PHL,1147116
Pasig,PHL,505058
Valenzuela,PHL,485433
Taguig,PHL,467375
Makati,PHL,444867
Bacolod,PHL,429076
DasmariÃ±as,PHL,379520
Pasay,PHL,354908
Malabon,PHL,338855
Iligan,PHL,285061
Butuan,PHL,267279
Angeles,PHL,263971
Baguio,PHL,252386
San Pedro,PHL,231403
Navotas,PHL,230403
Lipa,PHL,218447
BiÃ±an,PHL,201186
Taytay,PHL,198183
Olongapo,PHL,194260
Tagum,PHL,179531
Tacloban,PHL,178639
Cotabato,PHL,163849
Legazpi,PHL,157010
Silang,PHL,156137
Kabankalan,PHL,149769
Calbayog,PHL,147187
Santa Maria,PHL,144282
Bago,PHL,141721
San Mateo,PHL,135603
Panabo,PHL,133950
Dagupan,PHL,130328
Lubao,PHL,125699
Digos,PHL,125171
Tuguegarao,PHL,120645
Surigao,PHL,118534
San Carlos,PHL,118259
Concepcion,PHL,115171
Malasiqui,PHL,113190
General Mariano Alvarez,PHL,112446
San Jose,PHL,111009
Tanza,PHL,110517
Ozamis,PHL,110420
Silay,PHL,107722
Cabuyao,PHL,106630
Calapan,PHL,105910
Cauayan,PHL,103952
San Fernando,PHL,102082
Arayat,PHL,101792
Daraga (Locsin),PHL,101031
Dipolog,PHL,99862
Cavite,PHL,99367
Talavera,PHL,97329
Nasugbu,PHL,96113
Baybay,PHL,95630
Laoag,PHL,94466
Santa Cruz,PHL,92694
Sorsogon,PHL,92512
TÃ³rshavn,FRO,14542
Banjul,GMB,42326
Tbilisi,GEO,1235200
Batumi,GEO,137700
Kumasi,GHA,385192
Tamale,GHA,151069
Gibraltar,GIB,27025
Les Abymes,GLP,62947
Basse-Terre,GLP,12433
Ciudad de Guatemala,GTM,823301
Quetzaltenango,GTM,90801
Conakry,GIN,1090610
Port-au-Prince,HTI,884472
Le-Cap-HaÃ¯tien,HTI,102233
Tegucigalpa,HND,813900
Kowloon and New Kowloon,HKG,1987996
Jakarta,IDN,9604900
Surabaya,IDN,2663820
Palembang,IDN,1222764
Ujung Pandang,IDN,1060257
Malang,IDN,716862
Padang,IDN,534474
Pekan Baru,IDN,438638
Denpasar,IDN,435000
Samarinda,IDN,399175
Cimahi,IDN,344600
Balikpapan,IDN,338752
Pekalongan,IDN,301504
Ciputat,IDN,270800
Pondokgede,IDN,263200
Ambon,IDN,249312
Cimanggis,IDN,205100
Pematang Siantar,IDN,203056
Tasikmalaya,IDN,179800
Karawang,IDN,145000
Banda Aceh,IDN,143409
Kupang,IDN,129300
Binjai,IDN,127222
Sukabumi,IDN,125766
Magelang,IDN,123800
Probolinggo,IDN,120770
Cilegon,IDN,117000
Lhokseumawe,IDN,109600
Citeureup,IDN,105100
Pemalang,IDN,103500
Cibinong,IDN,101300
Purwakarta,IDN,95900
Garut,IDN,95800
Jaya Pura,IDN,94700
Pondok Aren,IDN,92700
Jombang,IDN,92600
Padang Sidempuan,IDN,91200
Tanjung Pinang,IDN,89900
Mumbai (Bombay),IND,10500000
Chennai (Madras),IND,3841396
Bangalore,IND,2660088
Kanpur,IND,1874409
Pune,IND,1566651
Indore,IND,1091674
Bhopal,IND,1062771
Kalyan,IND,1014557
Varanasi (Benares),IND,929270
Patna,IND,917243
Coimbatore,IND,816321
Meerut,IND,753778
Vishakhapatnam,IND,752037
Faridabad,IND,703592
Jodhpur,IND,666279
Nashik (Nasik),IND,656925
Ranchi,IND,599306
Shambajinagar (Aurangabad),IND,573272
Cochin (Kochi),IND,564589
Thiruvananthapuram (Trivandrum,IND,524006
Gorakhpur,IND,505566
Chandigarh,IND,504094
Guntur,IND,471051
Warangal,IND,447657
Raipur,IND,438639
Amravati,IND,421576
Bhubaneswar,IND,411542
Kolhapur,IND,406370
Bhavnagar,IND,402338
Bhiwandi,IND,379070
Saharanpur,IND,374945
Ujjain,IND,362266
Bokaro Steel City,IND,333683
Akola,IND,328034
Nellore,IND,316606
Bhatpara,IND,304952
Gulbarga,IND,304099
Gaya,IND,291675
Panihati,IND,275990
Nanded (Nander),IND,275083
Kamarhati,IND,266889
Bhagalpur,IND,253225
Bellary,IND,245391
Jalgaon,IND,242193
Muzaffarnagar,IND,240609
Patiala,IND,238368
Tiruppur (Tirupper),IND,235661
Mathura,IND,226691
Chandrapur,IND,226105
Siliguri (Shiliguri),IND,216950
Panipat,IND,215218
Firozabad,IND,215128
Ramagundam,IND,214384
Alwar,IND,205086
Pondicherry,IND,203065
Tuticorin,IND,199854
Sagar,IND,195346
Farrukhabad-cum-Fatehgarh,IND,194567
Nagar Coil,IND,190084
Bally,IND,184474
Bhilwara,IND,183965
Dindigul,IND,182477
Shimoga,IND,179258
Kharagpur,IND,177989
Jalna,IND,174985
Allappuzha (Alleppey),IND,174666
Tirupati,IND,174369
Hisar (Hissar),IND,172677
Secunderabad,IND,167461
Nadiad,IND,167051
Ganganagar,IND,161482
Machilipatnam (Masulipatam),IND,159110
Bhatinda (Bathinda),IND,159042
Arrah (Ara),IND,157082
Aizawl,IND,155240
Uluberia,IND,155172
Hugli-Chinsurah,IND,151806
Sambhal,IND,150869
Durg,IND,150645
North Dum Dum,IND,149965
Sikar,IND,148272
Hardwar (Haridwar),IND,147305
Noida,IND,146514
Khandwa,IND,145133
Yamuna Nagar,IND,144346
Raurkela Civil Township,IND,140408
Ingraj Bazar (English Bazar),IND,139204
Timkur,IND,138903
Chapra,IND,136877
Adoni,IND,136182
Jaunpur,IND,136062
Gadag Betigeri,IND,134051
Barrackpur,IND,133265
Bharuch (Broach),IND,133102
Sambalpur,IND,131138
Rewa,IND,128981
Gurgaon,IND,128608
Navsari,IND,126089
Miraj,IND,125407
Raj Nandgaon,IND,125371
Navadwip,IND,125037
Faizabad,IND,124437
Etawah,IND,124072
Palghat (Palakkad),IND,123289
Ambala,IND,122596
Sitapur,IND,121842
Bhimavaram,IND,121314
Mandya,IND,120265
Dibrugarh,IND,120127
Neyveli,IND,118080
Budaun,IND,116695
Porbandar,IND,116671
Purnea (Purnia),IND,114912
Titagarh,IND,114085
Halisahar,IND,114028
Pallavaram,IND,111866
Santipur,IND,109956
Bhind,IND,109755
Yeotmal (Yavatmal),IND,108578
Shivapuri,IND,108277
Bidar,IND,108016
Barasat,IND,107365
Pilibhit,IND,106605
Valparai,IND,106523
Qutubullapur,IND,105380
Gandhidham,IND,104585
Haldwani-cum-Kathgodam,IND,104195
Rishra,IND,102649
Gudivada,IND,101656
Basirhat,IND,101409
North Barrackpur,IND,100513
Habra,IND,100223
Kanchrapara,IND,100194
Orai,IND,98640
Hazaribag,IND,97712
Palayankottai,IND,97662
Hospet,IND,96322
Patan,IND,96109
Mandasor,IND,95758
Meerut Cantonment,IND,94876
Chhindwara,IND,93731
Bansberia,IND,93447
Vidisha,IND,92917
Hassan,IND,90803
Ambala Sadar,IND,90712
Raigarh,IND,89166
Mosul,IRQ,879000
Irbil,IRQ,485968
al-Sulaymaniya,IRQ,364096
al-Hilla,IRQ,268834
al-Nasiriya,IRQ,265937
al-Ramadi,IRQ,192556
Teheran,IRN,6758845
Mashhad,IRN,1887405
Shiraz,IRN,1053025
Qom,IRN,777677
Kermanshah,IRN,692986
Rasht,IRN,417748
Arak,IRN,380755
Ardebil,IRN,340386
Zanjan,IRN,286295
Khorramabad,IRN,272815
Eslamshahr,IRN,265450
Dezful,IRN,202639
Gorgan,IRN,188710
Najafabad,IRN,178498
Amol,IRN,159092
Khoy,IRN,148944
Malayer,IRN,144373
Qarchak,IRN,142690
Bojnurd,IRN,134835
Maragheh,IRN,132318
Bukan,IRN,120020
Gonbad-e Qabus,IRN,111253
Saveh,IRN,111245
Andimeshk,IRN,106923
Marv Dasht,IRN,103579
Zabol,IRN,100887
Rafsanjan,IRN,98300
Jahrom,IRN,94200
Semnan,IRN,91045
Dublin,IRL,481854
Jerusalem,ISR,633700
Tel Aviv-Jaffa,ISR,348100
Beerseba,ISR,163700
Ashdod,ISR,155800
Netanya,ISR,154900
Ramat Gan,ISR,126900
Roma,ITA,2643581
Milano,ITA,1300977
Palermo,ITA,683794
Firenze,ITA,376662
Catania,ITA,337862
Messina,ITA,259156
Padova,ITA,211391
Taranto,ITA,208214
Modena,ITA,176022
Cagliari,ITA,165926
Livorno,ITA,161673
Reggio nellÂ´ Emilia,ITA,143664
Ferrara,ITA,132127
Rimini,ITA,131062
Monza,ITA,119516
Latina,ITA,114099
Vicenza,ITA,109738
Trento,ITA,104906
Ancona,ITA,98329
Lecce,ITA,98208
La Spezia,ITA,95504
Andria,ITA,94443
Brindisi,ITA,93454
Barletta,ITA,91904
Cesena,ITA,89852
Pesaro,ITA,88987
Graz,AUT,240967
Innsbruck,AUT,111752
Klagenfurt,AUT,91141
Portmore,JAM,99799
Osaka,JPN,2595674
Nagoya,JPN,2154376
Kobe,JPN,1425139
Hiroshima,JPN,1119117
Kitakyushu,JPN,1016264
Sakai,JPN,797735
Sagamihara,JPN,586300
Hamamatsu,JPN,568796
Higashiosaka,JPN,517785
Amagasaki,JPN,481434
Himeji,JPN,475167
Matsuyama,JPN,466133
Kawaguchi,JPN,452155
Ichikawa,JPN,441893
Oita,JPN,433401
Kurashiki,JPN,425103
Gifu,JPN,408007
Toyonaka,JPN,396689
Fujisawa,JPN,372840
Asahikawa,JPN,364813
Takatsuki,JPN,361747
Toyohashi,JPN,360066
Toyota,JPN,346090
Koriyama,JPN,330335
Tokorozawa,JPN,325809
Toyama,JPN,325790
Akita,JPN,314440
Naha,JPN,299851
Aomori,JPN,295969
Yokkaichi,JPN,288173
Maebashi,JPN,284473
Kasugai,JPN,282348
Yao,JPN,276421
Kakogawa,JPN,266281
Ibaraki,JPN,261020
Yamagata,JPN,255617
Mito,JPN,246559
Sasebo,JPN,244240
Shimizu,JPN,239123
Soka,JPN,222768
Fuchu,JPN,220576
Numazu,JPN,211382
Matsumoto,JPN,206801
Kure,JPN,206504
Chofu,JPN,201585
Kushiro,JPN,197608
Kishiwada,JPN,197276
Itami,JPN,190886
Hirosaki,JPN,177522
Ube,JPN,175206
Obihiro,JPN,173685
Sakura,JPN,168072
Kamakura,JPN,167661
Hino,JPN,166770
Tsu,JPN,164543
Sayama,JPN,162472
Tachikawa,JPN,159430
Otaru,JPN,155784
Anjo,JPN,153823
Ogaki,JPN,151758
Hitachinaka,JPN,148006
Niiza,JPN,147744
Tama,JPN,146712
Omuta,JPN,142889
Komaki,JPN,139827
Yamaguchi,JPN,138210
Matsubara,JPN,135010
Musashino,JPN,134426
Miyakonojo,JPN,133183
Daito,JPN,130594
Seto,JPN,130470
Beppu,JPN,127486
Fujieda,JPN,126897
Abiko,JPN,126670
Ueda,JPN,124217
Isesaki,JPN,123285
Zama,JPN,122046
Ishinomaki,JPN,120963
Imabari,JPN,119357
Aizuwakamatsu,JPN,119287
Ebetsu,JPN,118805
Okinawa,JPN,117748
Yaizu,JPN,117258
Asaka,JPN,114815
Kitami,JPN,111295
Koganei,JPN,110969
Handa,JPN,108600
Yatsushiro,JPN,107661
Iida,JPN,107583
Akishima,JPN,106914
Kuwana,JPN,106121
Sanda,JPN,105643
Tajimi,JPN,103171
Ise,JPN,101732
Sakata,JPN,101651
Tsuruoka,JPN,100713
Tokai,JPN,99738
Inazawa,JPN,98746
Takasago,JPN,97632
Yonezawa,JPN,95592
Konan,JPN,95521
Onomichi,JPN,93756
Isahaya,JPN,93058
Kanuma,JPN,93053
Mobara,JPN,91664
Tsuyama,JPN,91170
Sanaa,YEM,503600
Hodeida,YEM,298500
Amman,JOR,1000000
al-Zarqa,JOR,389815
Wadi al-Sir,JOR,89104
Novi Sad,YUG,179626
NiÅ¡,YUG,175391
Podgorica,YUG,135000
Phnom Penh,KHM,570155
Battambang,KHM,129800
YaoundÃ©,CMR,1372800
Bamenda,CMR,138000
Bafoussam,CMR,131000
Calgary,CAN,768082
Winnipeg,CAN,618477
Edmonton,CAN,616306
Vancouver,CAN,514008
Hamilton,CAN,335614
Ottawa,CAN,335277
Brampton,CAN,296711
Kitchener,CAN,189959
Markham,CAN,189098
QuÃ©bec,CAN,167264
Vaughan,CAN,147889
Burlington,CAN,145150
Saint Catharines,CAN,136216
Thunder Bay,CAN,115913
Nepean,CAN,115100
Halifax,CAN,113910
Abbotsford,CAN,105403
Guelph,CAN,103593
Saanich,CAN,101388
Sudbury,CAN,92686
Kelowna,CAN,89442
Almaty,KAZ,1129400
Taraz,KAZ,330100
Astana,KAZ,311200
Semey,KAZ,269600
Petropavl,KAZ,203500
Oral,KAZ,195500
Aqtau,KAZ,143400
KÃ¶kshetau,KAZ,123400
Rudnyy,KAZ,109500
Nairobi,KEN,2290000
Nakuru,KEN,163927
Machakos,KEN,116293
Nyeri,KEN,91258
Peking,CHN,7472000
Chongqing,CHN,6351600
Harbin,CHN,4289800
Chengdu,CHN,3361500
Nanking [Nanjing],CHN,2870300
Dalian,CHN,2697000
Hangzhou,CHN,2190500
Zhengzhou,CHN,2107200
Kunming,CHN,1829500
Fuzhou,CHN,1593800
Lanzhou,CHN,1565800
Hefei,CHN,1369100
Fushun,CHN,1200000
Nanning,CHN,1161800
Jilin,CHN,1040000
Shenzhen,CHN,950500
Hohhot,CHN,916700
Xuzhou,CHN,810000
Benxi,CHN,770000
Luoyang,CHN,760000
Huainan,CHN,700000
Fuxin,CHN,640000
Amoy [Xiamen],CHN,627500
Jinzhou,CHN,570000
Changzhou,CHN,530000
Zhangjiakou,CHN,530000
Kaifeng,CHN,510000
Hengyang,CHN,487148
Baoding,CHN,483155
Huangshi,CHN,457601
Bengbu,CHN,449245
Xiangtan,CHN,441968
Pingxiang,CHN,425579
Panzhihua,CHN,415466
Pingdingshan,CHN,410775
Jiaozuo,CHN,409100
Zigong,CHN,393184
Shuangyashan,CHN,386081
Yichang,CHN,371601
Qinhuangdao,CHN,364972
Guilin,CHN,364130
Yangquan,CHN,362268
Lianyungang,CHN,354139
Xianyang,CHN,352125
Shaoguan,CHN,350043
Baoji,CHN,337765
Linyi,CHN,324720
Changzhi,CHN,317144
Yangzhou,CHN,312892
Dongwan,CHN,308669
Yueyang,CHN,302800
Shihezi,CHN,299676
Yancheng,CHN,296831
Shashi,CHN,281352
Tongchuan,CHN,280657
Zhongshan,CHN,278829
Jining,CHN,265248
Luzhou,CHN,262892
Zunyi,CHN,261862
Tongliao,CHN,255129
Anqing,CHN,250718
Shaoyang,CHN,247227
Tianshui,CHN,244974
Yibin,CHN,241019
Huaiyin,CHN,239675
Jiangmen,CHN,230587
Gongziling,CHN,226569
Xiantao,CHN,222884
Huzhou,CHN,218071
Yangjiang,CHN,215196
Qitaihe,CHN,214957
Hebi,CHN,212976
Meihekou,CHN,209038
Xuchang,CHN,208815
Qianjiang,CHN,205504
Yixing,CHN,200824
Laizhou,CHN,198664
Dezhou,CHN,195485
Beipiao,CHN,194301
Fengcheng,CHN,193784
Dongtai,CHN,192247
Ezhou,CHN,190123
Heze,CHN,189293
Tianmen,CHN,186332
Rizhao,CHN,185048
Deyang,CHN,182488
Zhangzhou,CHN,181424
Jiutai,CHN,180130
Zhaodong,CHN,179976
Maoming,CHN,178683
Jiaohe,CHN,176367
Puyang,CHN,175988
Qashqar,CHN,174570
Xinyu,CHN,173524
Hanzhong,CHN,169930
Xiaogan,CHN,166280
Qingyuan,CHN,164641
Aqsu,CHN,164092
Zaoyang,CHN,162198
Huizhou,CHN,161023
Jinmen,CHN,160794
Korla,CHN,159344
Zhoushan,CHN,156317
Liangcheng,CHN,156307
Suzhou,CHN,151862
Pingdu,CHN,150123
JiÂ´an,CHN,148583
Zhoukou,CHN,146288
Jinhua,CHN,144280
LiuÂ´an,CHN,144248
Ankang,CHN,142170
DaÂ´an,CHN,138963
Lengshuijiang,CHN,137994
Dali,CHN,136554
Longyan,CHN,134481
Xichang,CHN,134419
Binzhou,CHN,133555
Duyun,CHN,132971
Mishan,CHN,132744
Meixian,CHN,132156
HuaiÂ´an,CHN,131149
Leiyang,CHN,130115
Loudi,CHN,128418
Huaihua,CHN,126785
Luohe,CHN,126438
Linqing,CHN,123958
Dujiangyan,CHN,123357
Zhumadian,CHN,123232
Sanmenxia,CHN,120523
Lhasa,CHN,120000
Lianyuan,CHN,118858
Hongjiang,CHN,116188
Yuyao,CHN,114065
Guigang,CHN,114025
Beihai,CHN,112673
YongÂ´an,CHN,111762
Zixing,CHN,110048
Yumen,CHN,109234
Shanwei,CHN,107847
Cixi,CHN,107329
Jinchang,CHN,105287
Shishou,CHN,104571
Hengshui,CHN,104269
Sanya,CHN,102820
Xingcheng,CHN,102384
Zhucheng,CHN,102134
Pingliang,CHN,99265
Jieyang,CHN,98531
Zhangjiagang,CHN,97994
Jinzhou,CHN,95761
Bose,CHN,93009
Yuzhou,CHN,92889
Putian,CHN,91030
Shaowu,CHN,90286
Junan,CHN,90222
Huangyan,CHN,89288
Bikenibeu,KIR,5055
Bairiki,KIR,2226
MedellÃ­n,COL,1861265
CÃºcuta,COL,606932
Bucaramanga,COL,515555
Santa Marta,COL,359147
Pasto,COL,332396
Neiva,COL,300052
Villavicencio,COL,273140
MonterÃ­a,COL,248245
ItagÃ¼Ã­,COL,228985
Floridablanca,COL,221913
Barrancabermeja,COL,178020
Dos Quebradas,COL,159363
Cartago,COL,125884
Tunja,COL,109740
Florencia,COL,108574
Giron,COL,90688
Pointe-Noire,COG,500000
Kinshasa,COD,5064000
Kolwezi,COD,417810
Likasi,COD,299118
Bukavu,COD,201569
Matadi,COD,172730
Boma,COD,135284
Uvira,COD,115590
Kalemie,COD,101309
Pyongyang,PRK,2484000
Hamhung,PRK,709730
Sinuiju,PRK,326011
Sariwon,PRK,254146
Haeju,PRK,229172
Hyesan,PRK,178020
Pusan,KOR,3804522
Namangan,UZB,370500
Fargona,UZB,180500
Olmalik,UZB,114900
Brest,BLR,286000
Novopolotsk,BLR,106000
Caracas,VEN,1975294
Barcelona,VEN,322267
Barinas,VEN,217831
Guarenas,VEN,165889
CarÃºpano,VEN,119639
Ocumare del Tuy,VEN,97168
St Petersburg,RUS,4694000
Ufa,RUS,1091200
Saratov,RUS,874000
Vladivostok,RUS,606200
Lipetsk,RUS,521000
Kirov,RUS,466200
Kaliningrad,RUS,424400
Smolensk,RUS,353400
TÅ¡erepovets,RUS,324400
Komsomolsk-na-Amure,RUS,291600
Surgut,RUS,274900
Niznevartovsk,RUS,233900
Å ahty,RUS,221800
Jakutsk,RUS,195400
NovotÅ¡erkassk,RUS,184400
Armavir,RUS,164900
MytiÅ¡tÅ¡i,RUS,155700
Novomoskovsk,RUS,138100
Korolev,RUS,132400
AtÅ¡insk,RUS,121600
Velikije Luki,RUS,116300
Kiseljovsk,RUS,110000
Ust-Ilimsk,RUS,105200
Kyzyl,RUS,101100
Jessentuki,RUS,97900
Zukovski,RUS,96500
Derbent,RUS,92300
Hanoi,VNM,1410000
Cam Pha,VNM,209086
Hong Gai,VNM,127484
Tallinn,EST,403981
Phoenix,USA,1321045
San Francisco,USA,776733
Boston,USA,589141
Fort Worth,USA,534694
Long Beach,USA,461522
Oakland,USA,399484
Colorado Springs,USA,360890
Anaheim,USA,328014
Raleigh,USA,276093
Bakersfield,USA,247057
Lincoln,USA,225581
Madison,USA,208054
Lubbock,USA,199564
Spokane,USA,195629
Columbus,USA,186291
Salt Lake City,USA,181743
Knoxville,USA,173890
Garden Grove,USA,165196
Springfield,USA,152082
Metairie,USA,149428
Lakewood,USA,144126
Brownsville,USA,139722
Salem,USA,136924
Naperville,USA,128358
Flint,USA,124943
Concord,USA,121780
Lancaster,USA,118718
Columbia,USA,116278
Macon,USA,113336
Gilbert,USA,109697
South Bend,USA,107789
Lowell,USA,105167
Norwalk,USA,103298
Pueblo,USA,102121
Livonia,USA,100545
Sunrise Manor,USA,95362
Roanoke,USA,93357
Visalia,USA,91762
Odessa,USA,89293
Mount Darwin,ZWE,164362
Nablus,PSE,100231
